DROP TABLE IF EXISTS `minisite_level1`;
CREATE TABLE `minisite_level1` (
  `id` int(11) NOT NULL DEFAULT '0',
  `parent_id` int(11) NOT NULL,
  `name` varchar(30) NOT NULL,
  `level_2` tinyint(1) NOT NULL DEFAULT '0',
  `row_order` int(10) NOT NULL,
  PRIMARY KEY (`id`)
) ENGINE=InnoDB DEFAULT CHARSET=utf8mb4;

INSERT INTO `minisite_level1` (`id`, `parent_id`, `name`, `level_2`, `row_order`) VALUES
(10,  90, '2 Column', 0,  0),
(11,  10, '3 Column', 0,  0),
(12,  10, '4 Column', 0,  0),
(13,  40, 'ON', 0,  0),
(14,  40, 'OFF',  0,  0),
(15,  0,  'BillBoard',  0,  0),
(16,  0,  'grid', 0,  0),
(17,  0,  '16:9', 0,  0),
(18,  0,  '4:3',  0,  0),
(19,  0,  '3:2',  0,  0),
(20,  20, '3 Column', 0,  2),
(21,  20, '4 Column', 0,  3),
(22,  30, '3 Column', 0,  0),
(23,  30, '4 Column', 0,  0),
(24,  101,  '3 Column', 0,  0),
(25,  101,  '4 Column', 0,  0),
(26,  90, '3 Column', 0,  0),
(27,  90, '4 Column', 0,  0),
(28,  100,  '3 Column', 0,  2),
(29,  100,  '4 Column', 0,  3),
(30,  100,  '2 Column', 0,  1),
(31,  20, '2 Column', 0,  1),
(32,  103,  '2 Column', 0,  0),
(33,  103,  '3 Column', 0,  0),
(34,  103,  '4 Column', 0,  0),
(35,  102,  'Billboard',  56, 1),
(36,  102,  'Baltimore (16:9)', 52, 1),
(37,  102,  'Casablanca (4:3)', 52, 2),
(38,  102,  'Normandy (3:2)', 52, 3),
(39,  104,  '2 Tabs', 0,  1),
(40,  104,  '3 Tabs', 0,  2),
(41,  105,  '2 Tabs', 0,  1),
(42,  105,  '6 Tabs', 0,  2),
(43,  102,  'Casablanca (4:3)', 53, 2),
(44,  102,  'Normandy (3:2)', 53, 3),
(45,  102,  'Baltimore (16:9)', 53, 1),
(46,  0,  'Parallax', 0,  1),
(47,  102,  'Casablanca (4:3)', 54, 2),
(48,  102,  'Normandy (3:2)', 54, 3),
(49,  102,  'Baltimore (16:9)', 54, 1),
(50,  102,  'Casablanca & Baltimore', 54, 4),
(51,  102,  'Life', 55, 5),
(52,  102,  'Grid', 0,  2),
(53,  102,  'Niagara',  0,  3),
(54,  102,  'Granada',  0,  4),
(55,  102,  'Life', 0,  5),
(56,  102,  'Billboard',  0,  1),
(57,  119,  'Parallax', 0,  1),
(58,  119,  'Grid', 0,  2),
(59,  119,  'Niagara',  0,  3),
(60,  119,  'Granada',  0,  4),
(61,  119,  'Life', 0,  5),
(62,  119,  'Parallax', 57, 1),
(63,  119,  'Baltimore (16:9)', 58, 1),
(64,  119,  'Casablanca (4:3)', 58, 2),
(65,  119,  'Normandy (3:2)', 58, 3),
(66,  119,  'Baltimore (16:9)', 59, 1),
(67,  119,  'Casablanca (4:3)', 59, 2),
(68,  119,  'Normandy (3:2)', 59, 3),
(69,  119,  'Baltimore (16:9)', 60, 1),
(70,  119,  'Casablanca (4:3)', 60, 2),
(71,  119,  'Normandy (3:2)', 60, 3),
(72,  119,  'Casablanca & Baltimore', 60, 4),
(73,  119,  'Life', 61, 5),
(74,  120,  'Grid', 0,  2),
(75,  120,  'Niagara',  0,  3),
(76,  120,  'Granada',  0,  4),
(77,  120,  'Life', 0,  1),
(78,  120,  'Baltimore (16:9)', 74, 1),
(79,  120,  'Casablanca (4:3)', 74, 2),
(80,  120,  'Normandy (3:2)', 74, 3),
(81,  120,  'Baltimore (16:9)', 75, 1),
(82,  120,  'Casablanca (4:3)', 75, 2),
(83,  120,  'Normandy (3:2)', 75, 3),
(84,  120,  'Baltimore (16:9)', 76, 1),
(85,  120,  'Casablanca (4:3)', 76, 2),
(86,  120,  'Normandy (3:2)', 76, 3),
(87,  120,  'Casablanca & Baltimore', 76, 4),
(88,  120,  'Life', 77, 1),
(89,  121,  'Life', 0,  1),
(90,  121,  'Grid', 0,  2),
(91,  121,  'Niagara',  0,  3),
(92,  121,  'Baltimore (16:9)', 90, 1),
(93,  121,  'Casablanca (4:3)', 90, 2),
(94,  121,  'Normandy (3:2)', 90, 3),
(95,  121,  'Baltimore (16:9)', 91, 1),
(96,  121,  'Casablanca (4:3)', 91, 2),
(97,  121,  'Normandy (3:2)', 91, 3),
(98,  121,  'Life', 89, 1),
(99,  122,  'Granada',  0,  1),
(100, 122,  'Grid', 0,  1),
(101, 122,  'Niagara',  0,  1),
(102, 122,  'Baltimore (16:9)', 99, 1),
(103, 122,  'Casablanca (4:3)', 99, 2),
(104, 122,  'Normandy (3:2)', 99, 3),
(105, 122,  'Baltimore (16:9)', 100,  1),
(106, 122,  'Casablanca (4:3)', 100,  2),
(107, 122,  'Normandy (3:2)', 100,  3),
(108, 122,  'Baltimore (16:9)', 101,  1),
(109, 122,  'Casablanca (4:3)', 101,  2),
(110, 122,  'Normandy (3:2)', 101,  3),
(111, 122,  'Casablanca & Baltimore', 99, 4),
(112, 123,  'Baltimore (16:9)', 0,  1),
(113, 123,  'Casablanca (4:3)', 0,  2),
(114, 123,  'Normandy (3:2)', 0,  3);


ALTER TABLE `minisite`
ADD `fixed_header` tinyint(1) NOT NULL DEFAULT '1' AFTER `title_size`;

ALTER TABLE `minisite`
ADD `show_homemenu` tinyint(1) NOT NULL DEFAULT '1' AFTER `fixed_header`;

ALTER TABLE `minisite`
ADD `hover_type` int(8) NOT NULL DEFAULT '1003' AFTER `menu_type`;
ALTER TABLE `minisite`
ADD `art_animation` int(8) NOT NULL DEFAULT '1003' AFTER `hover_type`;
ALTER TABLE `minisite`
ADD `hover_text` int(8) NOT NULL DEFAULT '1003' AFTER `art_animation`;

ALTER TABLE `minisite_page`
ADD `template` int(10) NOT NULL,
ADD `show_details` int(5) NOT NULL;

ALTER TABLE `artwork`
CHANGE `video_time` `video_time` time NULL DEFAULT '00:00' AFTER `secondary_year`;

ALTER TABLE `artwork`
ADD `presentation` int(5) NOT NULL AFTER `frame`;

ALTER TABLE `artwork`
ADD `video_director` varchar(128) NOT NULL DEFAULT '' AFTER `video_time`;

ALTER TABLE `minisite`
ADD `connect_domain` tinyint(1) NOT NULL DEFAULT '0';

DROP TABLE IF EXISTS `minisite_page_type`;
CREATE TABLE `minisite_page_type` (
 `id` smallint(4) unsigned NOT NULL DEFAULT '0',
 `name` varchar(50) NOT NULL,
 `tab` varchar(50) NOT NULL,
 `row_order` int(10) NOT NULL,
 `active` tinyint(1) NOT NULL DEFAULT '1',
 PRIMARY KEY (`id`)
) ENGINE=InnoDB DEFAULT CHARSET=utf8mb4;
INSERT INTO `minisite_page_type` (`id`, `name`, `tab`, `row_order`, `active`) VALUES
(20,	'Artists Page',	'artist',	5,	1),
(30,	'Multiple Exhibitions - Smart Filter',	'exhibition',	2,	1),
(40,	'Contact Page',	'contact',	6,	1),
(50,	'Bio/Profile/CV',	'bio',	4,	1),
(60,	'Single Exhibition',	'singleExhibition',	1,	1),
(70,	'Embed External Site ',	'extSite',	7,	1),
(80,	'Multiple Exhibitions - Manually Selected',	'manualexb',	3,	1),
(90,	'External Link (Not Suitable as Home Page)',	'extlink',	8,	1);

INSERT INTO `minisite_tpl` (`id`, `created`, `active`, `type`, `parts`, `template`, `page`)
SELECT '15', '2019-08-30', '1', '90', '1', 'extlink', 'extlink'
FROM `minisite_tpl`
WHERE `id` = '14' AND `created` = '2019-08-30' AND `active` = '1' AND `type` = '80' AND `parts` = '2' AND `template` = 'manualexb' AND `template` = 'manualexb' COLLATE utf8mb4 AND `page` = 'manualexb' AND `page` = 'manualexb' COLLATE utf8mb4
LIMIT 1;

ALTER TABLE `minisite_parent_layout` 
ADD COLUMN `page_type`  int(11) NOT NULL;

ALTER TABLE `minisite_parent_layout` 
ADD COLUMN `page_subtype`  int(11) NOT NULL;

ALTER TABLE `minisite_parent_layout` 
ADD COLUMN `layout_type` int(11) NOT NULL;

ALTER TABLE `minisite_parent_layout` 
ADD COLUMN `active`  tinyint(1) NOT NULL DEFAULT '1';

ALTER TABLE `minisite_parent_layout` 
ADD COLUMN `created` date DEFAULT NULL;


ALTER TABLE `minisite_layout` 
ADD COLUMN `type`  int(11) NOT NULL;

ALTER TABLE `minisite_layout` 
ADD COLUMN `separator`  varchar(50) NOT NULL;

ALTER TABLE `minisite_layout` 
ADD COLUMN `level1_id`  int(25) NOT NULL;

ALTER TABLE `minisite_layout` 
ADD COLUMN `name`  varchar(50) NOT NULL;

ALTER TABLE `minisite_layout` 
ADD COLUMN `layout_type` int(11) NOT NULL;

ALTER TABLE `minisite_layout` 
ADD COLUMN `page_subtype`  int(11) NOT NULL;

ALTER TABLE `minisite_layout` 
ADD COLUMN `active`  tinyint(1) NOT NULL DEFAULT '1';

ALTER TABLE `minisite_layout` 
ADD COLUMN `created` date DEFAULT NULL;

CREATE TABLE `minisite_hover` (
  `id` smallint(8) unsigned NOT NULL DEFAULT '0',
  `created` date DEFAULT NULL,
  `timestamp` timestamp NOT NULL DEFAULT CURRENT_TIMESTAMP ON UPDATE CURRENT_TIMESTAMP,
  `name` varchar(32) NOT NULL,
  `active` tinyint(1) NOT NULL DEFAULT '1',
  `type` int(11) NOT NULL,
  `rank` int(25) NOT NULL,
  PRIMARY KEY (`id`)
) ENGINE=InnoDB DEFAULT CHARSET=utf8mb4;

INSERT INTO `minisite_hover` (`id`, `created`, `timestamp`, `active`, `name`, `type`, `rank`) VALUES
(1000,	'2019-10-15',	'2019-11-26 07:00:39',	1,	'Lilly',	2,	2),
(1001,	'2019-10-15',	'2019-11-26 07:00:27',	1,	'Marley',	2,	1),
(1002,	'2019-10-15',	'2019-11-26 07:00:46',	1,	'Milo',	2,	3),
(1003,	'2019-10-15',	'2019-11-26 06:58:11',	1,	'None',	1,	1),
(1004,	'2019-10-15',	'2019-11-26 07:02:51',	1,	'Flipcard',	4,	4),
(1005,	'2019-10-15',	'2019-11-26 07:01:53',	1,	'Slide Left',	3,	1),
(1006,	'2019-10-15',	'2019-12-13 10:54:24',	0,	'Slide Up',	3,	2),
(1007,	'2019-10-15',	'2019-11-26 07:02:43',	1,	'Slip',	4,	3),
(1008,	'2019-10-15',	'2019-11-26 07:02:27',	1,	'Drop',	4,	1),
(1009,	'2019-10-15',	'2019-11-26 07:02:37',	1,	'Fade',	4,	2),
(1010,	'2019-10-15',	'2019-10-18 13:00:03',	0,	'No effect',	0,	11),
(1011,	'2019-10-15',	'2019-11-26 06:59:02',	1,	'Zoom In',	1,	6),
(1012,	'2019-10-15',	'2019-10-21 09:41:16',	0,	'Zoom In #2',	0,	13),
(1013,	'2019-10-15',	'2019-11-26 06:58:51',	1,	'Zoom Out',	1,	5),
(1014,	'2019-10-15',	'2019-10-21 09:41:22',	0,	'Zoom Out #2',	0,	15),
(1015,	'2019-10-15',	'2019-11-26 06:58:21',	1,	'Flash',	1,	2),
(1016,	'2019-10-15',	'2019-11-26 06:58:33',	1,	'Shine',	1,	3),
(1017,	'2019-10-15',	'2019-11-26 06:58:41',	1,	'Circle',	1,	4),
(1018,	'2019-10-15',	'2019-11-26 06:59:09',	1,	'Tilt',	1,	7);

TRUNCATE TABLE minisite_parent_layout;

INSERT INTO `minisite_parent_layout` (`id`, `name`, `image`, `page_type`, `page_subtype`, `layout_type`, `row_order`, `active`, `created`, `timestamp`) VALUES
(10,	'Masonry',	'MasonryScreenshot.png',	30,	1,	10,	1,	1,	'2019-06-14 12:59:31',	'2019-09-30 12:58:49'),
(20,	'Landscape Resized',	'LandsscapeScreenshot.png',	30,	1,	20,	2,	0,	'2019-06-17 08:38:17',	'2019-11-25 10:59:24'),
(30,	'Hanging',	'HangingScreenshot.png',	30,	1,	10,	3,	1,	'2019-06-17 08:40:16',	'2019-09-30 12:59:30'),
(40,	'Angler',	'LandscapeScreenShot.png',	30,	1,	30,	7,	1,	'2019-06-17 12:39:30',	'2019-11-18 12:23:10'),
(50,	'Square Artist',	'ArtistsLayoutSquare.png',	20,	1,	0,	1,	1,	'2019-06-18 06:32:29',	'2019-09-30 12:59:45'),
(60,	'Circle artist',	'ArtistsLayoutCircle.png',	20,	1,	0,	2,	1,	'2019-06-18 06:33:07',	'2019-09-30 12:59:51'),
(70,	'List Mouseover',	'ArtistsLayoutList.png',	20,	1,	0,	3,	1,	'2019-06-18 06:33:45',	'2019-09-30 12:59:55'),
(80,	'Single page Exhibition',	'',	60,	1,	0,	1,	1,	'2019-06-24 12:15:10',	'2019-09-30 13:00:12'),
(90,	'Baltimore (16:9)',	'BaltimoreScreenshot.png',	30,	1,	20,	5,	1,	'2019-07-02 12:55:02',	'2019-09-30 13:00:34'),
(100,	'Casablanca (4:3)',	'CasablancaScreenshot.png',	30,	1,	20,	6,	1,	'2019-07-04 05:45:32',	'2019-09-30 13:00:40'),
(101,	'Standing ',	'StandingScreenshot.png',	30,	1,	10,	4,	1,	'2019-07-05 07:16:12',	'2019-09-30 13:00:45'),
(102,	'Billboard',	'Billboard.png',	30,	1,	40,	9,	1,	'2019-08-19 13:35:36',	'2019-09-30 13:00:50'),
(103,	'Normandy (3:2)',	'Normandy.png',	30,	1,	20,	8,	1,	'2019-09-26 05:50:11',	'2019-11-21 05:11:02'),
(104,	'Berlin Full Profile',	'BerlinFullx.png',	20,	2,	10,	1,	1,	'2019-09-26 09:29:36',	'2019-09-30 13:10:15'),
(105,	'Manhattan Full Profile',	'ManhattanFullx.png',	20,	2,	10,	2,	1,	'2019-09-26 09:29:36',	'2019-09-30 13:10:30'),
(106,	'Bio - Berlin Style',	'BioBerlin.png',	20,	2,	20,	2,	1,	'2019-09-26 09:29:36',	'2019-09-30 13:10:54'),
(107,	'Bio - Manhattan Style',	'BioManhattan.png',	20,	2,	20,	2,	1,	'2019-09-26 09:29:36',	'2019-09-30 13:11:42'),
(108,	'CV - Classic',	'CV-Berlin.png',	20,	2,	20,	2,	1,	'2019-09-26 09:29:36',	'2019-11-27 10:21:39'),
(109,	'Selected Art Masonry',	'profileMasonry.png',	20,	2,	30,	2,	1,	'2019-09-26 09:29:36',	'2019-09-30 13:11:53'),
(110,	'Selected Art Hanging',	'SArtHanging.png',	20,	2,	30,	2,	1,	'2019-09-26 09:29:36',	'2019-09-30 13:11:58'),
(111,	'Selected Art Standing',	'SArtStanding.png',	20,	2,	30,	2,	1,	'2019-09-26 09:29:36',	'2019-09-30 13:12:05'),
(112,	'Selected Art Masonry Extreme',	'SAmasonryExt.png',	20,	2,	30,	2,	1,	'2019-09-26 09:29:36',	'2019-09-30 13:12:12'),
(113,	'Seoul',	'seoul.png',	30,	2,	10,	1,	1,	'2019-09-26 09:29:36',	'2019-10-02 04:53:00'),
(114,	'Kyoto',	'kyoto.png',	30,	2,	10,	2,	1,	'2019-09-26 09:29:36',	'2019-10-02 04:53:07'),
(115,	'Art - Masonry',	'profileMasonry.png',	30,	2,	20,	1,	1,	'2019-09-26 09:29:36',	'2019-09-30 13:12:12'),
(116,	'Art - Hanging',	'SArtHanging.png',	30,	2,	20,	2,	1,	'2019-09-26 09:29:36',	'2019-09-30 13:12:12'),
(117,	'Art - Standing',	'SArtStanding.png',	30,	2,	20,	3,	1,	'2019-09-26 09:29:36',	'2019-09-30 13:12:12'),
(118,	'Art - Masonry Extreme',	'SAmasonryExt.png',	30,	2,	20,	4,	1,	'2019-09-26 09:29:36',	'2019-09-30 13:12:12'),
(119,	'Parallax',	'Parallax.png',	30,	1,	40,	10,	1,	'2019-08-19 13:35:36',	'2019-11-21 05:08:52'),
(120,	'Guillotine',	'Guillotine.png',	30,	1,	40,	11,	1,	'2019-08-19 13:35:36',	'2019-11-21 05:09:10'),
(121,	'Life',	'Life.png',	30,	1,	40,	12,	1,	'2019-08-19 13:35:36',	'2019-11-21 05:09:43'),
(122,	'Granada (Image only - pair with text effect/animation)',	'Granada.png',	30,	1,	40,	13,	1,	'2019-08-19 13:35:36',	'2019-11-21 05:10:23'),
(123,	'Niagara',	'Niagara.png',	30,	1,	40,	14,	1,	'2019-08-19 13:35:36',	'2019-11-21 05:10:37'),
(124,	'Seoul',	'seoul.png',	60,	2,	10,	1,	1,	'2019-09-26 09:29:36',	'2019-10-02 04:53:00'),
(125,	'Kyoto',	'kyoto.png',	60,	2,	10,	2,	1,	'2019-09-26 09:29:36',	'2019-10-02 04:53:07'),
(126,	'Art - Masonry',	'profileMasonry.png',	60,	2,	20,	1,	1,	'2019-09-26 09:29:36',	'2019-09-30 13:12:12'),
(127,	'Art - Hanging',	'SArtHanging.png',	60,	2,	20,	2,	1,	'2019-09-26 09:29:36',	'2019-09-30 13:12:12'),
(128,	'Art - Standing',	'SArtStanding.png',	60,	2,	20,	3,	1,	'2019-09-26 09:29:36',	'2019-09-30 13:12:12'),
(129,	'Art - Masonry Extreme',	'SAmasonryExt.png',	60,	2,	20,	4,	1,	'2019-09-26 09:29:36',	'2019-09-30 13:12:12');

TRUNCATE TABLE minisite_layout;

INSERT INTO `minisite_layout` (`id`, `parent_id`, `type`, `subtype`, `separator`, `level1_id`, `name`, `row_order`, `image`, `active`, `created`, `timestamp`) VALUES
(26,	0,	30,	1,	'none',	92,	'4 Column',	3,	'',	1,	'2019-08-22 05:19:31',	'2019-11-14 10:49:33'),
(101,	40,	30,	1,	'off',	14,	'OFF',	13,	'',	1,	'2019-06-06 11:34:26',	'2019-09-26 06:57:03'),
(102,	40,	30,	1,	'on',	13,	'ON',	14,	'',	1,	'2019-06-10 07:37:55',	'2019-09-26 06:58:31'),
(103,	10,	30,	1,	'3C',	11,	'None',	1,	'',	1,	'2019-06-10 07:38:11',	'2019-09-26 06:58:51'),
(104,	10,	30,	1,	'4C',	12,	'None',	3,	'',	1,	'2019-06-10 07:38:17',	'2019-09-26 06:59:25'),
(105,	10,	30,	1,	'3CT',	11,	'Past, Current, Future',	2,	'',	1,	'2019-06-10 07:38:23',	'2019-09-26 06:58:57'),
(106,	10,	30,	1,	'4CT',	12,	'Past, Current, Future',	4,	'',	1,	'2019-06-10 07:38:29',	'2019-09-26 06:59:04'),
(107,	20,	30,	1,	'3C',	20,	'None',	5,	'',	1,	'2019-06-10 07:38:35',	'2019-09-26 06:59:14'),
(108,	20,	30,	1,	'4C',	21,	'None',	7,	'',	1,	'2019-06-10 07:38:49',	'2019-09-26 07:00:32'),
(109,	20,	30,	1,	'3CT',	20,	'Past, Current, Future',	6,	'',	1,	'2019-06-10 07:38:57',	'2019-09-26 07:00:39'),
(110,	20,	30,	1,	'4CT',	21,	'Past, Current, Future',	8,	'',	1,	'2019-06-10 07:39:03',	'2019-09-26 07:00:53'),
(111,	30,	30,	1,	'3C',	22,	'None',	9,	'',	1,	'2019-06-10 07:39:25',	'2019-09-26 07:31:04'),
(112,	30,	30,	1,	'4C',	23,	'None',	11,	'',	1,	'2019-06-10 07:39:33',	'2019-09-26 07:31:10'),
(113,	30,	30,	1,	'3CT',	22,	'Past, Current, Future',	10,	'',	1,	'2019-06-10 07:39:41',	'2019-09-26 07:31:16'),
(114,	30,	30,	1,	'4CT',	23,	'Past, Current, Future',	12,	'',	1,	'2019-06-10 07:39:47',	'2019-09-26 07:31:23'),
(115,	0,	30,	1,	'',	0,	'Cover Page',	15,	'',	1,	'2019-06-10 08:04:21',	'2019-06-10 08:04:21'),
(116,	0,	30,	1,	'',	0,	'Cover Page & Landscape',	16,	'',	1,	'2019-06-10 08:04:29',	'2019-06-10 08:04:29'),
(117,	0,	40,	1,	'',	0,	'Tosca',	1,	'contact_layout1.png',	1,	'2019-06-10 08:04:37',	'2019-07-01 11:19:17'),
(118,	0,	40,	1,	'',	0,	'Carmen',	2,	'contact_layout2.png',	1,	'2019-06-10 08:04:55',	'2019-07-01 11:19:29'),
(119,	50,	20,	1,	'3C',	10,	'Default',	2,	'',	1,	'2019-06-10 07:37:41',	'2019-09-25 09:35:08'),
(124,	60,	20,	1,	'4C',	0,	'Layout 1',	4,	'',	1,	'2019-06-07 06:48:42',	'2019-09-23 12:35:49'),
(125,	50,	20,	1,	'4C',	0,	'Layout 2',	1,	'',	1,	'2019-06-07 06:56:25',	'2019-09-23 12:35:59'),
(126,	60,	20,	1,	'3C',	10,	'Layout 3',	3,	'',	1,	'2019-06-07 06:57:09',	'2019-09-25 09:35:15'),
(127,	70,	20,	1,	'off',	0,	'Layout 4',	6,	'',	1,	'2019-06-11 12:21:43',	'2019-09-23 12:36:19'),
(128,	104,	20,	2,	'',	40,	'Leave Out',	1,	'BerlinFullx.png',	1,	'2019-06-11 12:54:19',	'2019-10-02 05:02:34'),
(129,	104,	20,	2,	'',	39,	'Leave Out',	2,	'BerlinSlimx.png',	1,	'2019-06-11 12:55:01',	'2019-10-02 05:02:43'),
(130,	105,	20,	2,	'',	42,	'Leave Out',	3,	'ManhattanFullx.png',	1,	'2019-06-11 12:55:40',	'2019-10-02 05:02:53'),
(131,	105,	20,	2,	'',	41,	'Leave Out',	4,	'ManhattanSlimx.png',	1,	'2019-06-11 12:57:33',	'2019-10-02 05:03:02'),
(132,	114,	30,	2,	'',	0,	'Show Location',	1,	'kyoto.png',	1,	'2019-06-11 13:23:08',	'2019-10-02 04:52:05'),
(133,	113,	30,	2,	'',	0,	'Show Location',	2,	'seoul.png',	1,	'2019-06-11 13:23:40',	'2019-10-02 04:51:55'),
(134,	70,	20,	1,	'on',	0,	'Layout 5',	5,	'',	1,	'2019-07-01 09:09:24',	'2019-09-23 12:36:27'),
(135,	125,	60,	2,	'',	0,	'Show Location',	1,	'seoul.png',	1,	'2019-06-24 12:19:11',	'2019-12-02 06:50:13'),
(136,	125,	60,	1,	'',	0,	'Hide Location',	2,	'',	1,	'2019-06-24 12:39:30',	'2019-12-02 06:51:09'),
(137,	10,	30,	1,	'3CY',	11,	'Year',	17,	'',	1,	'2019-07-02 06:19:45',	'2019-09-26 07:04:45'),
(138,	10,	30,	1,	'4CY',	12,	'Year',	18,	'',	1,	'2019-07-02 06:20:42',	'2019-09-26 07:04:51'),
(139,	20,	30,	1,	'3CY',	20,	'Year',	0,	'',	1,	'2019-07-02 07:24:23',	'2019-09-26 07:06:09'),
(140,	20,	30,	1,	'4CY',	21,	'Year',	0,	'',	1,	'2019-07-02 07:25:39',	'2019-09-26 07:06:18'),
(141,	30,	30,	1,	'3CY',	22,	'Year',	0,	'',	1,	'2019-07-02 07:27:25',	'2019-09-26 07:31:29'),
(142,	30,	30,	1,	'4CY',	23,	'Year',	0,	'',	1,	'2019-07-02 07:28:08',	'2019-09-26 07:31:37'),
(143,	90,	30,	1,	'3C',	26,	'None',	0,	'',	1,	'2019-07-03 04:58:53',	'2019-09-26 07:32:11'),
(144,	90,	30,	1,	'4C',	27,	'None',	0,	'',	1,	'2019-07-03 04:59:50',	'2019-09-26 07:32:16'),
(145,	90,	30,	1,	'3CT',	26,	'Past, Current, Future',	0,	'',	1,	'2019-07-03 05:01:40',	'2019-09-26 07:32:20'),
(146,	90,	30,	1,	'4CT',	27,	'Past, Current, Future',	0,	'',	1,	'2019-07-03 05:03:23',	'2019-09-26 07:32:27'),
(147,	90,	30,	1,	'3CY',	26,	'Year',	0,	'',	1,	'2019-07-03 05:04:18',	'2019-09-26 07:32:31'),
(148,	90,	30,	1,	'4CY',	27,	'Year',	0,	'',	1,	'2019-07-03 05:04:53',	'2019-09-26 07:32:36'),
(149,	100,	30,	1,	'3C',	28,	'None',	0,	'',	1,	'2019-07-04 05:48:26',	'2019-09-26 07:33:10'),
(150,	100,	30,	1,	'3C',	29,	'None',	0,	'',	1,	'2019-07-04 05:50:00',	'2019-09-26 07:33:14'),
(151,	100,	30,	1,	'3CT',	28,	'Past, Current, Future',	0,	'',	1,	'2019-07-04 05:51:01',	'2019-09-26 07:33:19'),
(152,	100,	30,	1,	'4CT',	29,	'Past, Current, Future',	0,	'',	1,	'2019-07-04 05:51:37',	'2019-09-26 07:33:25'),
(153,	100,	30,	1,	'3CY',	28,	'Year',	0,	'',	1,	'2019-07-04 05:59:26',	'2019-09-26 07:33:34'),
(154,	100,	30,	1,	'4CY',	29,	'Year',	0,	'',	1,	'2019-07-04 06:00:48',	'2019-09-26 07:33:38'),
(155,	106,	20,	2,	'',	0,	'Bio - Berlin Style',	5,	'BioBerlin.png',	1,	'2019-07-04 13:05:33',	'2019-09-30 12:46:45'),
(156,	107,	20,	2,	'',	0,	'Bio - Manhattan Style',	6,	'BioManhattan.png',	1,	'2019-07-05 05:34:47',	'2019-09-30 12:46:51'),
(157,	108,	20,	2,	'',	0,	'CV - Berlin Style',	7,	'CV-Berlin.png',	1,	'2019-07-05 05:48:09',	'2019-11-27 10:20:22'),
(158,	101,	30,	1,	'3C',	24,	'None',	0,	'',	1,	'2019-07-05 07:20:46',	'2019-09-26 07:34:17'),
(159,	101,	30,	1,	'4C',	25,	'None',	0,	'',	1,	'2019-07-05 07:21:25',	'2019-09-26 07:34:21'),
(160,	101,	30,	1,	'3CT',	24,	'Past, Current, Future ',	0,	'',	1,	'2019-07-05 07:22:16',	'2019-09-26 07:34:26'),
(161,	101,	30,	1,	'4CT',	25,	'Past, Current, Future ',	0,	'',	1,	'2019-07-05 07:22:38',	'2019-09-26 07:34:30'),
(162,	101,	30,	1,	'3CY',	24,	'Year',	0,	'',	1,	'2019-07-05 07:23:12',	'2019-09-26 07:34:36'),
(163,	101,	30,	1,	'4CY',	25,	'Year',	0,	'',	1,	'2019-07-05 07:23:41',	'2019-09-26 07:34:41'),
(164,	109,	20,	2,	'',	0,	'Selected Art Masonry',	8,	'profileMasonry.png',	1,	'2019-07-05 11:04:57',	'2019-09-30 12:47:01'),
(165,	110,	20,	2,	'',	0,	'Selected Art Hanging',	9,	'SArtHanging.png',	1,	'2019-07-09 06:12:40',	'2019-09-30 12:47:20'),
(166,	111,	20,	2,	'',	0,	'Selected Art Standing',	10,	'SArtStanding.png',	1,	'2019-07-09 06:54:35',	'2019-09-30 12:47:25'),
(167,	112,	20,	2,	'',	0,	'Selected Art Masonry Extreme',	11,	'SAmasonryExt.png',	1,	'2019-07-09 07:00:27',	'2019-09-30 12:47:30'),
(168,	115,	30,	2,	'',	0,	'Art - Masonry',	3,	'profileMasonry.png',	1,	'2019-07-09 10:35:29',	'2019-10-01 10:05:03'),
(169,	116,	30,	2,	'',	0,	'Art - Hanging',	4,	'SArtHanging.png',	1,	'2019-07-09 10:36:06',	'2019-10-01 10:05:11'),
(170,	117,	30,	2,	'',	0,	'Art - Standing',	5,	'SArtStanding.png',	1,	'2019-07-09 10:36:52',	'2019-10-01 10:05:21'),
(171,	118,	30,	2,	'',	0,	'Art - Masonry Extreme',	6,	'SAmasonryExt.png	',	1,	'2019-07-09 10:37:30',	'2019-10-01 10:05:29'),
(172,	126,	60,	1,	'',	0,	'Art - Masonry',	3,	'profileMasonry.png',	1,	'2019-07-11 06:06:39',	'2019-11-29 12:08:56'),
(173,	127,	60,	1,	'',	0,	'Art - Hanging',	4,	'SArtHanging.png',	1,	'2019-07-11 06:07:27',	'2019-11-29 12:09:20'),
(174,	129,	60,	1,	'',	0,	'Art - Masonry Extreme',	5,	'SAmasonryExt.png',	1,	'2019-07-11 06:08:02',	'2019-12-02 07:33:02'),
(175,	128,	60,	1,	'',	0,	'Art - Standing',	6,	'SArtStanding.png',	1,	'2019-07-11 06:09:09',	'2019-12-02 07:33:26'),
(176,	666,	30,	1,	'time',	0,	'Banner- Time filter',	2,	'',	1,	'2019-08-20 07:49:41',	'2019-09-26 11:13:43'),
(177,	666,	30,	1,	'year',	0,	'Banner- Year filter',	3,	'',	1,	'2019-08-20 07:55:33',	'2019-09-26 11:13:48'),
(178,	102,	30,	1,	'none',	56,	'Banner',	1,	'',	1,	'2019-08-22 05:19:31',	'2019-11-12 12:51:54'),
(179,	105,	20,	2,	'',	41,	'Include',	12,	'ManhattanSlimx.png',	1,	'2019-06-11 12:57:33',	'2019-10-02 05:03:30'),
(180,	90,	30,	1,	'2C',	10,	'None',	0,	'',	1,	'2019-07-03 04:58:53',	'2019-09-26 07:32:43'),
(181,	90,	30,	1,	'2C',	10,	'Past, Current, Future',	0,	'',	1,	'2019-07-03 04:58:53',	'2019-09-26 07:32:51'),
(182,	90,	30,	1,	'2C',	10,	'Year',	0,	'',	1,	'2019-07-03 04:58:53',	'2019-09-26 07:32:56'),
(183,	100,	30,	1,	'2C',	30,	'None',	0,	'',	1,	'2019-07-03 04:58:53',	'2019-09-26 07:33:53'),
(184,	100,	30,	1,	'2C',	30,	'Past, Current, Future',	0,	'',	1,	'2019-07-03 04:58:53',	'2019-09-26 07:33:59'),
(185,	100,	30,	1,	'2C',	30,	'Year',	0,	'',	1,	'2019-07-03 04:58:53',	'2019-09-26 07:34:03'),
(186,	20,	30,	1,	'2C',	31,	'None',	0,	'',	1,	'2019-07-03 04:58:53',	'2019-09-26 07:06:30'),
(187,	20,	30,	1,	'2CT',	31,	'Past, Current, Future',	0,	'',	1,	'2019-07-03 04:58:53',	'2019-10-24 10:41:26'),
(188,	20,	30,	1,	'2CY',	31,	'Year',	0,	'',	1,	'2019-07-03 04:58:53',	'2019-10-24 10:42:48'),
(189,	103,	30,	1,	'2C',	32,	'None',	0,	'',	1,	'2019-07-03 04:58:53',	'2019-09-26 07:35:36'),
(190,	103,	30,	1,	'2C',	32,	'Past, Current, Future',	0,	'',	1,	'2019-07-03 04:58:53',	'2019-09-26 07:35:40'),
(191,	103,	30,	1,	'2C',	32,	'Year',	0,	'',	1,	'2019-07-03 04:58:53',	'2019-09-26 07:35:47'),
(192,	103,	30,	1,	'3C',	33,	'None',	0,	'',	1,	'2019-07-03 04:58:53',	'2019-09-26 07:35:52'),
(193,	103,	30,	1,	'3CT',	33,	'Past, Current, Future',	0,	'',	1,	'2019-07-03 05:01:40',	'2019-09-26 07:48:25'),
(194,	103,	30,	1,	'3CY',	33,	'Year',	0,	'',	1,	'2019-07-03 05:04:18',	'2019-09-26 07:48:31'),
(195,	103,	30,	1,	'4C',	34,	'None',	0,	'',	1,	'2019-07-03 04:59:50',	'2019-09-26 07:48:37'),
(196,	103,	30,	1,	'4CT',	34,	'Past, Current, Future',	0,	'',	1,	'2019-07-03 05:03:23',	'2019-09-26 07:48:44'),
(197,	103,	30,	1,	'4CY',	34,	'Year',	0,	'',	1,	'2019-07-03 05:04:53',	'2019-09-26 07:48:49'),
(198,	102,	30,	1,	'2C',	36,	'2 Column',	1,	'',	1,	'2019-09-26 11:16:56',	'2019-09-26 11:16:56'),
(199,	102,	30,	1,	'3C',	36,	'3 Column',	2,	'',	1,	'2019-09-26 11:18:18',	'2019-09-26 11:18:18'),
(200,	102,	30,	1,	'4C',	36,	'4 Column',	0,	'',	1,	'2019-09-26 11:19:08',	'2019-09-26 11:19:08'),
(201,	102,	30,	1,	'2C',	37,	'2 Column',	1,	'',	1,	'2019-09-26 11:16:56',	'2019-09-26 11:16:56'),
(202,	102,	30,	1,	'3C',	37,	'3 Column',	2,	'',	1,	'2019-09-26 11:18:18',	'2019-09-26 11:18:18'),
(203,	102,	30,	1,	'4C',	37,	'4 Column',	0,	'',	1,	'2019-09-26 11:19:08',	'2019-09-26 11:19:08'),
(204,	102,	30,	1,	'2C',	38,	'2 Column',	1,	'',	1,	'2019-09-26 11:16:56',	'2019-09-26 11:16:56'),
(205,	102,	30,	1,	'3C',	38,	'3 Column',	2,	'',	1,	'2019-09-26 11:18:18',	'2019-09-26 11:18:18'),
(206,	102,	30,	1,	'3C',	38,	'4 Column',	2,	'',	1,	'2019-09-26 11:18:18',	'2019-09-27 06:57:08'),
(207,	105,	20,	2,	'',	42,	'Include',	13,	'',	1,	'2019-06-11 12:57:33',	'2019-10-02 05:03:48'),
(208,	104,	20,	2,	'',	40,	'Include',	14,	'',	1,	'2019-06-11 12:57:33',	'2019-10-02 05:03:54'),
(209,	104,	20,	2,	'',	39,	'Include',	15,	'',	1,	'2019-06-11 12:57:33',	'2019-10-02 05:04:00'),
(210,	114,	30,	2,	'',	0,	'Hide Location',	7,	'',	1,	'2019-06-11 13:23:08',	'2019-10-02 04:51:23'),
(211,	113,	30,	2,	'',	0,	'Hide Location',	8,	'',	1,	'2019-06-11 13:23:08',	'2019-10-02 04:51:31'),
(212,	102,	30,	1,	'none',	43,	'Casablanca',	1,	'',	1,	'2019-08-22 05:19:31',	'2019-11-12 06:06:54'),
(213,	102,	30,	1,	'none',	44,	'Normandy',	1,	'',	1,	'2019-08-22 05:19:31',	'2019-11-12 06:06:59'),
(214,	102,	30,	1,	'none',	45,	'Baltimore',	1,	'',	1,	'2019-08-22 05:19:31',	'2019-11-12 06:06:46'),
(215,	121,	30,	1,	'none',	46,	'Parallax',	1,	'',	0,	'2019-08-22 05:19:31',	'2019-11-08 08:14:20'),
(216,	102,	30,	1,	'none',	47,	'Casablanca',	1,	'',	1,	'2019-08-22 05:19:31',	'2019-11-12 06:07:03'),
(217,	102,	30,	1,	'none',	48,	'Normandy',	2,	'',	1,	'2019-08-22 05:19:31',	'2019-11-13 07:15:25'),
(218,	102,	30,	1,	'none',	49,	'Baltimore',	3,	'',	1,	'2019-08-22 05:19:31',	'2019-11-13 07:14:21'),
(219,	102,	30,	1,	'none',	50,	'Casablanca with Baltimore',	4,	'',	1,	'2019-08-22 05:19:31',	'2019-11-21 13:34:00'),
(220,	102,	30,	1,	'none',	55,	'Zig-Zag',	1,	'',	1,	'2019-08-22 05:19:31',	'2019-11-12 12:52:01'),
(221,	119,	30,	1,	'none',	57,	'Parallax',	1,	'',	1,	'2019-08-22 05:19:31',	'2019-11-13 06:04:42'),
(222,	119,	30,	1,	'none',	63,	'2 Column',	1,	'',	1,	'2019-08-22 05:19:31',	'2019-11-12 12:52:01'),
(223,	119,	30,	1,	'none',	63,	'3 Column',	2,	'',	1,	'2019-08-22 05:19:31',	'2019-11-13 07:13:54'),
(224,	119,	30,	1,	'none',	63,	'4 Column',	3,	'',	1,	'2019-08-22 05:19:31',	'2019-11-13 07:13:49'),
(225,	119,	30,	1,	'none',	64,	'2 Column',	1,	'',	1,	'2019-08-22 05:19:31',	'2019-11-12 12:52:01'),
(226,	119,	30,	1,	'none',	64,	'3 Column',	2,	'',	1,	'2019-08-22 05:19:31',	'2019-11-13 07:13:42'),
(227,	119,	30,	1,	'none',	64,	'4 Column',	3,	'',	1,	'2019-08-22 05:19:31',	'2019-11-13 07:13:37'),
(228,	119,	30,	1,	'none',	65,	'2 Column',	1,	'',	1,	'2019-08-22 05:19:31',	'2019-11-12 12:52:01'),
(229,	119,	30,	1,	'none',	65,	'3 Column',	2,	'',	1,	'2019-08-22 05:19:31',	'2019-11-13 07:13:32'),
(230,	119,	30,	1,	'none',	65,	'4 Column',	3,	'',	1,	'2019-08-22 05:19:31',	'2019-11-13 07:13:26'),
(231,	119,	30,	1,	'none',	66,	'Baltimore',	1,	'',	1,	'2019-08-22 05:19:31',	'2019-11-12 12:52:01'),
(232,	119,	30,	1,	'none',	67,	'Casablanca',	2,	'',	1,	'2019-08-22 05:19:31',	'2019-11-13 07:13:19'),
(233,	119,	30,	1,	'none',	68,	'Normandy',	3,	'',	1,	'2019-08-22 05:19:31',	'2019-11-13 07:13:13'),
(234,	119,	30,	1,	'none',	69,	'Baltimore',	1,	'',	1,	'2019-08-22 05:19:31',	'2019-11-12 12:52:01'),
(235,	119,	30,	1,	'none',	70,	'Casablanca',	2,	'',	1,	'2019-08-22 05:19:31',	'2019-11-13 07:13:04'),
(236,	119,	30,	1,	'none',	71,	'Normandy',	3,	'',	1,	'2019-08-22 05:19:31',	'2019-11-13 07:12:56'),
(237,	119,	30,	1,	'none',	72,	'Casablanca & Baltimore',	4,	'',	1,	'2019-08-22 05:19:31',	'2019-11-13 07:12:49'),
(238,	119,	30,	1,	'none',	61,	'Life',	1,	'',	1,	'2019-08-22 05:19:31',	'2019-11-13 06:04:22'),
(239,	120,	30,	1,	'none',	78,	'2 Column',	1,	'',	1,	'2019-08-22 05:19:31',	'2019-11-12 12:52:01'),
(240,	120,	30,	1,	'none',	78,	'3 Column',	2,	'',	1,	'2019-08-22 05:19:31',	'2019-11-13 07:09:26'),
(241,	120,	30,	1,	'none',	78,	'4 Column',	3,	'',	1,	'2019-08-22 05:19:31',	'2019-11-13 07:09:18'),
(242,	120,	30,	1,	'none',	79,	'2 Column',	1,	'',	1,	'2019-08-22 05:19:31',	'2019-11-12 12:52:01'),
(243,	120,	30,	1,	'none',	79,	'3 Column',	2,	'',	1,	'2019-08-22 05:19:31',	'2019-11-13 07:09:08'),
(244,	120,	30,	1,	'none',	79,	'4 Column',	3,	'',	1,	'2019-08-22 05:19:31',	'2019-11-13 07:09:01'),
(245,	120,	30,	1,	'none',	80,	'2 Column',	1,	'',	1,	'2019-08-22 05:19:31',	'2019-11-12 12:52:01'),
(246,	120,	30,	1,	'none',	80,	'3 Column',	2,	'',	1,	'2019-08-22 05:19:31',	'2019-11-13 07:08:54'),
(247,	120,	30,	1,	'none',	80,	'4 Column',	3,	'',	1,	'2019-08-22 05:19:31',	'2019-11-13 07:08:46'),
(248,	120,	30,	1,	'none',	81,	'2 Column',	1,	'',	1,	'2019-08-22 05:19:31',	'2019-11-12 12:52:01'),
(249,	120,	30,	1,	'none',	81,	'3 Column',	2,	'',	1,	'2019-08-22 05:19:31',	'2019-11-12 12:52:01'),
(250,	120,	30,	1,	'none',	81,	'4 Column',	3,	'',	1,	'2019-08-22 05:19:31',	'2019-11-12 12:52:01'),
(251,	120,	30,	1,	'none',	82,	'2 Column',	1,	'',	1,	'2019-08-22 05:19:31',	'2019-11-12 12:52:01'),
(252,	120,	30,	1,	'none',	82,	'3 Column',	2,	'',	1,	'2019-08-22 05:19:31',	'2019-11-12 12:52:01'),
(253,	120,	30,	1,	'none',	82,	'4 Column',	3,	'',	1,	'2019-08-22 05:19:31',	'2019-11-12 12:52:01'),
(255,	120,	30,	1,	'none',	83,	'3 Column',	2,	'',	1,	'2019-08-22 05:19:31',	'2019-11-12 12:52:01'),
(256,	120,	30,	1,	'none',	83,	'4 Column',	3,	'',	1,	'2019-08-22 05:19:31',	'2019-11-12 12:52:01'),
(257,	120,	30,	1,	'none',	84,	'Baltimore',	1,	'',	1,	'2019-08-22 05:19:31',	'2019-11-12 12:52:01'),
(258,	120,	30,	1,	'none',	85,	'Casablanca',	2,	'',	1,	'2019-08-22 05:19:31',	'2019-11-13 07:22:17'),
(259,	120,	30,	1,	'none',	86,	'Normandy',	3,	'',	1,	'2019-08-22 05:19:31',	'2019-11-13 07:22:22'),
(260,	120,	30,	1,	'none',	87,	'Casablanca & Baltimore',	4,	'',	1,	'2019-08-22 05:19:31',	'2019-11-12 12:52:01'),
(261,	120,	30,	1,	'none',	77,	'Life',	0,	'',	1,	'2019-08-22 05:19:31',	'2019-11-13 07:24:05'),
(262,	121,	30,	1,	'none',	89,	'Life',	0,	'',	1,	'2019-08-22 05:19:31',	'2019-11-13 07:24:05'),
(263,	121,	30,	1,	'none',	92,	'2 Column',	1,	'',	1,	'2019-08-22 05:19:31',	'2019-11-13 08:53:23'),
(264,	121,	30,	1,	'none',	92,	'3 Column',	2,	'',	1,	'2019-08-22 05:19:31',	'2019-11-13 08:54:32'),
(265,	121,	30,	1,	'none',	92,	'4 Column',	3,	'',	1,	'2019-08-22 05:19:31',	'2019-11-13 08:54:32'),
(266,	121,	30,	1,	'none',	93,	'2 Column',	1,	'',	1,	'2019-08-22 05:19:31',	'2019-11-13 08:53:23'),
(267,	121,	30,	1,	'none',	93,	'3 Column',	2,	'',	1,	'2019-08-22 05:19:31',	'2019-11-13 08:54:32'),
(268,	121,	30,	1,	'none',	93,	'4 Column',	3,	'',	1,	'2019-08-22 05:19:31',	'2019-11-13 08:56:22'),
(269,	121,	30,	1,	'none',	94,	'2 Column',	1,	'',	1,	'2019-08-22 05:19:31',	'2019-11-13 08:53:23'),
(270,	121,	30,	1,	'none',	94,	'3 Column',	2,	'',	1,	'2019-08-22 05:19:31',	'2019-11-13 08:54:32'),
(271,	121,	30,	1,	'none',	94,	'4 Column',	3,	'',	1,	'2019-08-22 05:19:31',	'2019-11-13 08:56:22'),
(272,	121,	30,	1,	'none',	95,	'Baltimore',	1,	'',	1,	'2019-08-22 05:19:31',	'2019-11-13 08:53:23'),
(273,	121,	30,	1,	'none',	96,	'Casablanca',	1,	'',	1,	'2019-08-22 05:19:31',	'2019-11-13 08:53:23'),
(274,	121,	30,	1,	'none',	97,	'Normandy',	1,	'',	1,	'2019-08-22 05:19:31',	'2019-11-13 08:53:23'),
(275,	122,	30,	1,	'none',	102,	'Baltimore',	1,	'',	1,	'2019-08-22 05:19:31',	'2019-11-15 07:25:28'),
(276,	122,	30,	1,	'none',	103,	'Casablanca',	2,	'',	1,	'2019-08-22 05:19:31',	'2019-11-15 07:25:39'),
(277,	122,	30,	1,	'none',	104,	'Normandy',	3,	'',	1,	'2019-08-22 05:19:31',	'2019-11-15 07:25:55'),
(278,	122,	30,	1,	'none',	111,	'Casablanca & Baltimore',	4,	'',	1,	'2019-08-22 05:19:31',	'2019-11-15 07:26:08'),
(279,	122,	30,	1,	'none',	105,	'2 Column',	1,	'',	1,	'2019-08-22 05:19:31',	'2019-11-13 10:43:14'),
(280,	122,	30,	1,	'none',	105,	'3 Column',	2,	'',	1,	'2019-08-22 05:19:31',	'2019-11-13 10:43:19'),
(281,	122,	30,	1,	'none',	105,	'4 Column',	3,	'',	1,	'2019-08-22 05:19:31',	'2019-11-13 10:43:36'),
(282,	122,	30,	1,	'none',	106,	'2 Column',	1,	'',	1,	'2019-08-22 05:19:31',	'2019-11-13 10:43:14'),
(283,	122,	30,	1,	'none',	106,	'3 Column',	2,	'',	1,	'2019-08-22 05:19:31',	'2019-11-13 10:46:49'),
(284,	122,	30,	1,	'none',	106,	'4 Column',	3,	'',	1,	'2019-08-22 05:19:31',	'2019-11-13 10:46:54'),
(285,	122,	30,	1,	'none',	107,	'2 Column',	1,	'',	1,	'2019-08-22 05:19:31',	'2019-11-13 10:43:14'),
(286,	122,	30,	1,	'none',	107,	'3 Column',	2,	'',	1,	'2019-08-22 05:19:31',	'2019-11-13 10:43:14'),
(287,	122,	30,	1,	'none',	107,	'4 Column',	3,	'',	1,	'2019-08-22 05:19:31',	'2019-11-13 10:43:14'),
(288,	122,	30,	1,	'none',	108,	'Baltimore',	1,	'',	1,	'2019-08-22 05:19:31',	'2019-11-13 10:43:14'),
(289,	122,	30,	1,	'none',	109,	'Casablanca',	2,	'',	1,	'2019-08-22 05:19:31',	'2019-11-13 10:49:42'),
(290,	122,	30,	1,	'none',	110,	'Normandy',	3,	'',	1,	'2019-08-22 05:19:31',	'2019-11-13 10:43:14'),
(291,	123,	30,	1,	'none',	112,	'Baltimore',	1,	'',	1,	'2019-08-22 05:19:31',	'2019-11-13 10:43:14'),
(292,	123,	30,	1,	'none',	113,	'Casablanca',	1,	'',	1,	'2019-08-22 05:19:31',	'2019-11-13 10:43:14'),
(293,	123,	30,	1,	'none',	114,	'Normandy',	1,	'',	1,	'2019-08-22 05:19:31',	'2019-11-13 10:43:14'),
(294,	124,	60,	2,	'',	0,	'Show Location',	1,	'seoul.png',	1,	'2019-06-24 12:19:11',	'2019-12-02 06:50:13'),
(295,	124,	60,	1,	'',	0,	'Hide Location',	2,	'',	1,	'2019-06-24 12:39:30',	'2019-12-02 06:51:09');

